trainer_id,first_name,last_name,email,phone,primary_expertise,secondary_expertise,experience_years,is_external
1,Santosh,Bhat,santosh.bhat1@ksrtrainer.com,9547614768,Databricks,Python,8,True
2,Deepak,Kumar,deepak.kumar2@ksrtrainer.com,9318708605,Fabric,SQL,13,True
3,Vidya,Bhat,vidya.bhat3@ksrtrainer.com,9162801822,SQL,Python,8,True
4,Suresh,Nambiar,suresh.nambiar4@ksrtrainer.com,9904921245,Fabric,Power BI,10,False
5,Divya,Kumar,divya.kumar5@ksrtrainer.com,9703488143,Fabric,GCP,5,False
6,Divya,Kumar,divya.kumar6@ksrtrainer.com,9964006773,Fabric,Power BI,15,True
7,Santosh,Reddy,santosh.reddy7@ksrtrainer.com,9685832614,Power BI,Databricks,13,False
8,Kiran,Patel,kiran.patel8@ksrtrainer.com,9882493904,Azure,Databricks,7,True
9,Suresh,Kulkarni,suresh.kulkarni9@ksrtrainer.com,9222099947,Azure,Databricks,11,False
10,Priyanka,Iyer,priyanka.iyer10@ksrtrainer.com,9527968314,GCP,SQL,8,False
11,Sathya,Iyer,sathya.iyer11@ksrtrainer.com,9018070238,Databricks,GCP,14,True
12,Santosh,Shetty,santosh.shetty12@ksrtrainer.com,9001459084,GenAI,SQL,15,True
13,Ganesh,Das,ganesh.das13@ksrtrainer.com,9328100077,Python,SQL,13,False
14,Lokesh,Naidu,lokesh.naidu14@ksrtrainer.com,9323931061,GCP,Power BI,13,True
15,Arun,Naidu,arun.naidu15@ksrtrainer.com,9926048188,GenAI,Python,7,True
16,Kavya,Kumar,kavya.kumar16@ksrtrainer.com,9520210649,GenAI,Fabric,5,False
17,Ramya,Sekhar,ramya.sekhar17@ksrtrainer.com,9426593053,SQL,SQL,12,True
18,Sandhya,Naidu,sandhya.naidu18@ksrtrainer.com,9193792253,Power BI,Azure,12,False
19,Mani,Bhat,mani.bhat19@ksrtrainer.com,9193674798,GenAI,Power BI,12,False
20,Ashwin,Kumar,ashwin.kumar20@ksrtrainer.com,9219068950,GenAI,Azure,14,True
21,Suresh,Shetty,suresh.shetty21@ksrtrainer.com,9383744777,GCP,Azure,9,True
22,Mahesh,Sharma,mahesh.sharma22@ksrtrainer.com,9474090237,Azure,AWS,13,True
23,Ashwin,Menon,ashwin.menon23@ksrtrainer.com,9937217528,Snowflake,Databricks,9,True
24,Arun,Menon,arun.menon24@ksrtrainer.com,9309356571,Python,GenAI,6,True
25,Ganesh,Bhat,ganesh.bhat25@ksrtrainer.com,9131124370,GCP,Azure,3,False
26,Vivek,Joshi,vivek.joshi26@ksrtrainer.com,9344607677,GCP,Azure,8,True
27,Divya,Sharma,divya.sharma27@ksrtrainer.com,9656284108,Databricks,SQL,14,False
28,Arun,Joshi,arun.joshi28@ksrtrainer.com,9063384817,AWS,Fabric,8,True
29,Ramya,Bhat,ramya.bhat29@ksrtrainer.com,9320914133,GCP,Python,4,True
30,Sandhya,Pillai,sandhya.pillai30@ksrtrainer.com,9579885143,Fabric,Power BI,15,True
31,Arun,Nambiar,arun.nambiar31@ksrtrainer.com,9247566430,Snowflake,SQL,4,True
32,Vidya,Iyer,vidya.iyer32@ksrtrainer.com,9750942414,GenAI,Power BI,10,True
33,Vidya,Naidu,vidya.naidu33@ksrtrainer.com,9773973502,GenAI,GCP,12,False
34,Santosh,Kulkarni,santosh.kulkarni34@ksrtrainer.com,9620651258,GenAI,GenAI,10,True
35,Sandhya,Gowda,sandhya.gowda35@ksrtrainer.com,9570539879,GCP,Databricks,14,True
36,Mani,Bhat,mani.bhat36@ksrtrainer.com,9705581073,Fabric,Snowflake,10,True
37,Arun,Joshi,arun.joshi37@ksrtrainer.com,9074480967,Azure,Power BI,6,True
38,Sandhya,Roy,sandhya.roy38@ksrtrainer.com,9385248348,Snowflake,Snowflake,5,True
39,Priyanka,Naidu,priyanka.naidu39@ksrtrainer.com,9034821232,SQL,GCP,14,False
40,Santosh,Joshi,santosh.joshi40@ksrtrainer.com,9607386090,GenAI,Snowflake,15,False
41,Vidya,Sekhar,vidya.sekhar41@ksrtrainer.com,9318441591,Azure,Fabric,9,True
42,Shreya,Sharma,shreya.sharma42@ksrtrainer.com,9754268509,Power BI,Power BI,4,True
43,Vivek,Das,vivek.das43@ksrtrainer.com,9642370777,SQL,GenAI,3,True
44,Vivek,Rao,vivek.rao44@ksrtrainer.com,9128042498,Snowflake,AWS,11,False
45,Sandhya,Naidu,sandhya.naidu45@ksrtrainer.com,9334067496,AWS,AWS,8,True
46,Sathya,Joshi,sathya.joshi46@ksrtrainer.com,9595996466,Snowflake,Power BI,15,True
47,Mahesh,Gowda,mahesh.gowda47@ksrtrainer.com,9931666344,AWS,GCP,10,True
48,Shreya,Pillai,shreya.pillai48@ksrtrainer.com,9483229466,Databricks,Azure,10,False
49,Priyanka,Gowda,priyanka.gowda49@ksrtrainer.com,9250254810,AWS,Python,12,True
50,Shreya,Krishnan,shreya.krishnan50@ksrtrainer.com,9668177014,Python,SQL,10,True
51,Shreya,Reddy,shreya.reddy51@ksrtrainer.com,9468880256,Databricks,AWS,15,False
52,Ganesh,Iyer,ganesh.iyer52@ksrtrainer.com,9178704449,GenAI,Fabric,4,False
53,Sathya,Iyer,sathya.iyer53@ksrtrainer.com,9160232461,AWS,SQL,12,True
54,Shreya,Sekhar,shreya.sekhar54@ksrtrainer.com,9382898549,Fabric,GenAI,4,True
55,Arun,Sharma,arun.sharma55@ksrtrainer.com,9069164040,AWS,Python,8,True
56,Lokesh,Reddy,lokesh.reddy56@ksrtrainer.com,9286339074,Azure,AWS,15,True
57,Priyanka,Iyer,priyanka.iyer57@ksrtrainer.com,9792259142,GCP,Snowflake,9,True
58,Ashwin,Roy,ashwin.roy58@ksrtrainer.com,9902825101,GCP,Python,11,True
59,Vidya,Roy,vidya.roy59@ksrtrainer.com,9839670836,Python,Databricks,9,False
60,Ashwin,Sekhar,ashwin.sekhar60@ksrtrainer.com,9746709886,Power BI,Power BI,3,False
